{
  "faq/delivery_international": {
    "precision": 0.8333333333333334,
    "recall": 0.9090909090909091,
    "f1-score": 0.8695652173913043,
    "support": 11,
    "confused_with": {
      "faq/delivery_UK_standard": 1
    }
  },
  "faq/missing_order": {
    "precision": 0.6976744186046512,
    "recall": 0.7692307692307693,
    "f1-score": 0.7317073170731708,
    "support": 39,
    "confused_with": {
      "faq/track_delivery": 5,
      "faq/returns_policy": 2
    }
  },
  "faq/returns_policy": {
    "precision": 0.45714285714285713,
    "recall": 0.64,
    "f1-score": 0.5333333333333333,
    "support": 25,
    "confused_with": {
      "faq/return_format": 2,
      "faq/faulty_item": 2
    }
  },
  "faq/missing_comms": {
    "precision": 0.875,
    "recall": 0.84,
    "f1-score": 0.8571428571428572,
    "support": 25,
    "confused_with": {
      "faq/missing_order": 2,
      "faq/missing_item": 1
    }
  },
  "faq/faulty_item": {
    "precision": 0.72,
    "recall": 0.782608695652174,
    "f1-score": 0.7499999999999999,
    "support": 23,
    "confused_with": {
      "faq/returns_policy": 4,
      "faq/missing_item": 1
    }
  },
  "faq/refund_delivery_charge": {
    "precision": 0.6896551724137931,
    "recall": 0.8,
    "f1-score": 0.7407407407407408,
    "support": 25,
    "confused_with": {
      "faq/returns_policy": 3,
      "faq/next_day_delivery": 1
    }
  },
  "faq/track_delivery": {
    "precision": 0.5666666666666667,
    "recall": 0.7391304347826086,
    "f1-score": 0.6415094339622641,
    "support": 23,
    "confused_with": {
      "faq/missing_order": 5,
      "faq/return_slip": 1
    }
  },
  "faq/size_guide": {
    "precision": 0.8846153846153846,
    "recall": 0.92,
    "f1-score": 0.9019607843137256,
    "support": 25,
    "confused_with": {
      "faq/wrong_item_received": 1,
      "faq/animal_welfare": 1
    }
  },
  "faq/payment_card_refund": {
    "precision": 0.8181818181818182,
    "recall": 0.9473684210526315,
    "f1-score": 0.8780487804878049,
    "support": 19,
    "confused_with": {
      "faq/returns_policy": 1
    }
  },
  "faq/return_multiple_orders": {
    "precision": 1.0,
    "recall": 0.7727272727272727,
    "f1-score": 0.8717948717948718,
    "support": 22,
    "confused_with": {
      "faq/return_received": 2,
      "faq/track_delivery": 1
    }
  },
  "faq/app_currency": {
    "precision": 1.0,
    "recall": 0.8,
    "f1-score": 0.888888888888889,
    "support": 5,
    "confused_with": {
      "faq/size_guide": 1
    }
  },
  "faq/delivery_UK_standard": {
    "precision": 0.42857142857142855,
    "recall": 0.42857142857142855,
    "f1-score": 0.42857142857142855,
    "support": 7,
    "confused_with": {
      "faq/next_day_delivery": 1,
      "faq/payment_card_refund": 1
    }
  },
  "faq/payment_currency": {
    "precision": 0.9210526315789473,
    "recall": 0.875,
    "f1-score": 0.8974358974358975,
    "support": 40,
    "confused_with": {
      "faq/payment_options": 2,
      "faq/account_sign_in": 1
    }
  },
  "faq/stock": {
    "precision": 1.0,
    "recall": 0.9642857142857143,
    "f1-score": 0.9818181818181818,
    "support": 28,
    "confused_with": {
      "faq/delivery_UK_standard": 1
    }
  },
  "faq/payment_secure": {
    "precision": 1.0,
    "recall": 0.4,
    "f1-score": 0.5714285714285715,
    "support": 5,
    "confused_with": {
      "faq/size_guide": 1,
      "faq/return_received": 1
    }
  },
  "faq/enquire_premier": {
    "precision": 1.0,
    "recall": 0.782608695652174,
    "f1-score": 0.878048780487805,
    "support": 23,
    "confused_with": {
      "faq/delivery_slot": 2,
      "faq/next_day_delivery": 1
    }
  },
  "faq/wrong_item_received": {
    "precision": 0.96,
    "recall": 0.9230769230769231,
    "f1-score": 0.9411764705882353,
    "support": 26,
    "confused_with": {
      "faq/faulty_item": 1,
      "faq/return_received": 1
    }
  },
  "faq/payment_options": {
    "precision": 0.7777777777777778,
    "recall": 0.875,
    "f1-score": 0.823529411764706,
    "support": 24,
    "confused_with": {
      "faq/payment_currency": 2,
      "faq/size_guide": 1
    }
  },
  "faq/delivery_customs": {
    "precision": 1.0,
    "recall": 1.0,
    "f1-score": 1.0,
    "support": 8,
    "confused_with": {}
  },
  "faq/return_format": {
    "precision": 0.8823529411764706,
    "recall": 0.6521739130434783,
    "f1-score": 0.75,
    "support": 23,
    "confused_with": {
      "faq/returns_policy": 3,
      "faq/refund_delivery_charge": 3
    }
  },
  "faq/marketplace_app": {
    "precision": 1.0,
    "recall": 1.0,
    "f1-score": 1.0,
    "support": 23,
    "confused_with": {}
  },
  "faq/account_sign_in": {
    "precision": 0.7948717948717948,
    "recall": 0.8857142857142857,
    "f1-score": 0.8378378378378378,
    "support": 35,
    "confused_with": {
      "faq/change_password": 1,
      "faq/payment_card_refund": 1
    }
  },
  "faq/student_discount": {
    "precision": 1.0,
    "recall": 0.92,
    "f1-score": 0.9583333333333334,
    "support": 25,
    "confused_with": {
      "faq/missing_comms": 2
    }
  },
  "faq/next_day_delivery": {
    "precision": 0.8148148148148148,
    "recall": 0.9565217391304348,
    "f1-score": 0.8800000000000001,
    "support": 23,
    "confused_with": {
      "faq/track_delivery": 1
    }
  },
  "faq/missing_item": {
    "precision": 0.8333333333333334,
    "recall": 0.8333333333333334,
    "f1-score": 0.8333333333333334,
    "support": 18,
    "confused_with": {
      "faq/faulty_item": 1,
      "faq/returns_policy": 1
    }
  },
  "faq/return_prohibited_items": {
    "precision": 1.0,
    "recall": 0.7777777777777778,
    "f1-score": 0.8750000000000001,
    "support": 18,
    "confused_with": {
      "faq/delivery_address": 1,
      "faq/faulty_item": 1
    }
  },
  "faq/fur": {
    "precision": 0.95,
    "recall": 0.8636363636363636,
    "f1-score": 0.9047619047619048,
    "support": 22,
    "confused_with": {
      "faq/animal_welfare": 3
    }
  },
  "faq/delivery_address": {
    "precision": 0.7333333333333333,
    "recall": 0.9565217391304348,
    "f1-score": 0.8301886792452831,
    "support": 23,
    "confused_with": {
      "faq/missing_item": 1
    }
  },
  "faq/gift_voucher": {
    "precision": 1.0,
    "recall": 0.9166666666666666,
    "f1-score": 0.9565217391304348,
    "support": 24,
    "confused_with": {
      "faq/return_received": 2
    }
  },
  "faq/animal_welfare": {
    "precision": 0.8181818181818182,
    "recall": 0.8181818181818182,
    "f1-score": 0.8181818181818182,
    "support": 22,
    "confused_with": {
      "faq/unsubscribe_email": 1,
      "faq/track_delivery": 1
    }
  },
  "faq/order_amend": {
    "precision": 1.0,
    "recall": 0.4444444444444444,
    "f1-score": 0.6153846153846153,
    "support": 9,
    "confused_with": {
      "faq/delivery_address": 2,
      "faq/missing_order": 1
    }
  },
  "faq/return_slip": {
    "precision": 0.85,
    "recall": 0.8095238095238095,
    "f1-score": 0.8292682926829269,
    "support": 21,
    "confused_with": {
      "faq/refund_delivery_charge": 2,
      "faq/missing_order": 1
    }
  },
  "faq/carbon_emissions": {
    "precision": 1.0,
    "recall": 0.75,
    "f1-score": 0.8571428571428571,
    "support": 4,
    "confused_with": {
      "faq/missing_comms": 1
    }
  },
  "faq/responsible_shopping": {
    "precision": 1.0,
    "recall": 0.7727272727272727,
    "f1-score": 0.8717948717948718,
    "support": 22,
    "confused_with": {
      "faq/faulty_item": 1,
      "faq/returns_policy": 1
    }
  },
  "faq/delivery_slot": {
    "precision": 0.9166666666666666,
    "recall": 0.8148148148148148,
    "f1-score": 0.8627450980392156,
    "support": 27,
    "confused_with": {
      "faq/next_day_delivery": 2,
      "faq/missing_order": 2
    }
  },
  "faq/change_password": {
    "precision": 0.9444444444444444,
    "recall": 0.7391304347826086,
    "f1-score": 0.8292682926829269,
    "support": 23,
    "confused_with": {
      "faq/account_sign_in": 5,